{
   "scf": [
   {
   "iteration":          1,
   "energy": -0.759838311039753E+02,
   "delta_energy_SCF": -0.255795384873636E-12,
   "max_error_DIIS":  0.497331837165547E-06,
   "level_shift":  0.000000000000000E+00,
   "dim_DIIS":          1,
   "saved": true,
   "converged": true
   }
   ]
}
